method,mean (s),stddev (s),median (s)
Sequential,71.96917534250001,4.939484706466287,70.27418282469999
Message Passing,12.150998533085,1.7482438533646705,12.524463474285
Shared Memory,12.26528417234,1.2596351143094493,12.84050926814
