mean (s),stddev (s),median (s),min (s),max (s)
12.150998533085,1.7482438533646705,12.524463474285,9.656861917785001,14.564476260785
