mean (s),stddev (s),median (s),min (s),max (s)
71.96917534250001,4.939484706466287,70.27418282469999,66.1442981547,78.74343373369999
