mean (s),stddev (s),median (s),min (s),max (s)
12.26528417234,1.2596351143094493,12.84050926814,10.13797419314,13.34330043414
